{
  "accuracy": 0.9229144667370645,
  "precision": 0.9183818310858765,
  "recall": 0.9256080114449213,
  "f1": 0.9219807623797649,
  "pr_auc": 0.9770011207578175,
  "roc_auc": 0.9793309321206318,
  "confusion_matrix": {
    "tn": 1328,
    "fp": 115,
    "fn": 104,
    "tp": 1294
  },
  "confusion_matrix_normalized": {
    "fp_as_fp": 0.9203049203049203,
    "fp_as_smoke": 0.07969507969507969,
    "smoke_as_fp": 0.07439198855507868,
    "smoke_as_smoke": 0.9256080114449213
  },
  "n_samples": 2841,
  "n_positive": 1398
}