{
  "accuracy": 0.9690249912002816,
  "precision": 0.9593267882187938,
  "recall": 0.9785407725321889,
  "f1": 0.9688385269121812,
  "pr_auc": 0.9953651655095858,
  "roc_auc": 0.9954588130553796,
  "confusion_matrix": {
    "tn": 1385,
    "fp": 58,
    "fn": 30,
    "tp": 1368
  },
  "confusion_matrix_normalized": {
    "fp_as_fp": 0.9598059598059598,
    "fp_as_smoke": 0.040194040194040194,
    "smoke_as_fp": 0.02145922746781116,
    "smoke_as_smoke": 0.9785407725321889
  },
  "n_samples": 2841,
  "n_positive": 1398
}