{
  "accuracy": 0.9679690249912003,
  "precision": 0.9497591190640055,
  "recall": 0.9871244635193133,
  "f1": 0.9680813749561556,
  "pr_auc": 0.9965987702668951,
  "roc_auc": 0.9968443187327307,
  "confusion_matrix": {
    "tn": 1370,
    "fp": 73,
    "fn": 18,
    "tp": 1380
  },
  "confusion_matrix_normalized": {
    "fp_as_fp": 0.9494109494109494,
    "fp_as_smoke": 0.05058905058905059,
    "smoke_as_fp": 0.012875536480686695,
    "smoke_as_smoke": 0.9871244635193133
  },
  "n_samples": 2841,
  "n_positive": 1398
}