{
  "accuracy": 0.9049630411826821,
  "precision": 0.8852459016393442,
  "recall": 0.927038626609442,
  "f1": 0.9056603773584905,
  "pr_auc": 0.9654376499156717,
  "roc_auc": 0.970311265375643,
  "confusion_matrix": {
    "tn": 1275,
    "fp": 168,
    "fn": 102,
    "tp": 1296
  },
  "confusion_matrix_normalized": {
    "fp_as_fp": 0.8835758835758836,
    "fp_as_smoke": 0.11642411642411643,
    "smoke_as_fp": 0.07296137339055794,
    "smoke_as_smoke": 0.927038626609442
  },
  "n_samples": 2841,
  "n_positive": 1398
}