{
  "accuracy": 0.9457937346004928,
  "precision": 0.9277854195323246,
  "recall": 0.9649499284692418,
  "f1": 0.9460028050490884,
  "pr_auc": 0.9868774905775867,
  "roc_auc": 0.9878610865735329,
  "confusion_matrix": {
    "tn": 1338,
    "fp": 105,
    "fn": 49,
    "tp": 1349
  },
  "confusion_matrix_normalized": {
    "fp_as_fp": 0.9272349272349273,
    "fp_as_smoke": 0.07276507276507277,
    "smoke_as_fp": 0.035050071530758224,
    "smoke_as_smoke": 0.9649499284692418
  },
  "n_samples": 2841,
  "n_positive": 1398
}