{
  "accuracy": 0.970080957409363,
  "precision": 0.9659332860184529,
  "recall": 0.9735336194563662,
  "f1": 0.9697185607410046,
  "pr_auc": 0.9950518162193251,
  "roc_auc": 0.9955326736442616,
  "confusion_matrix": {
    "tn": 1395,
    "fp": 48,
    "fn": 37,
    "tp": 1361
  },
  "confusion_matrix_normalized": {
    "fp_as_fp": 0.9667359667359667,
    "fp_as_smoke": 0.033264033264033266,
    "smoke_as_fp": 0.026466380543633764,
    "smoke_as_smoke": 0.9735336194563662
  },
  "n_samples": 2841,
  "n_positive": 1398
}