{
  "accuracy": 0.9904963041182682,
  "precision": 0.9817287420941673,
  "recall": 0.9992846924177397,
  "f1": 0.990428925912797,
  "pr_auc": 0.9998384091145739,
  "roc_auc": 0.9998443474838324,
  "confusion_matrix": {
    "tn": 1417,
    "fp": 26,
    "fn": 1,
    "tp": 1397
  },
  "confusion_matrix_normalized": {
    "fp_as_fp": 0.9819819819819819,
    "fp_as_smoke": 0.018018018018018018,
    "smoke_as_fp": 0.000715307582260372,
    "smoke_as_smoke": 0.9992846924177397
  },
  "n_samples": 2841,
  "n_positive": 1398
}