{
  "accuracy": 0.9725448785638859,
  "precision": 0.9558011049723757,
  "recall": 0.9899856938483548,
  "f1": 0.9725931131412509,
  "pr_auc": 0.9977404988482343,
  "roc_auc": 0.997831274655309,
  "confusion_matrix": {
    "tn": 1379,
    "fp": 64,
    "fn": 14,
    "tp": 1384
  },
  "confusion_matrix_normalized": {
    "fp_as_fp": 0.9556479556479557,
    "fp_as_smoke": 0.04435204435204435,
    "smoke_as_fp": 0.010014306151645207,
    "smoke_as_smoke": 0.9899856938483548
  },
  "n_samples": 2841,
  "n_positive": 1398
}