{
  "accuracy": 0.9176346356916578,
  "precision": 0.9058577405857741,
  "recall": 0.9291845493562232,
  "f1": 0.9173728813559323,
  "pr_auc": 0.9687610479472084,
  "roc_auc": 0.972746929828475,
  "confusion_matrix": {
    "tn": 1308,
    "fp": 135,
    "fn": 99,
    "tp": 1299
  },
  "confusion_matrix_normalized": {
    "fp_as_fp": 0.9064449064449065,
    "fp_as_smoke": 0.09355509355509356,
    "smoke_as_fp": 0.07081545064377683,
    "smoke_as_smoke": 0.9291845493562232
  },
  "n_samples": 2841,
  "n_positive": 1398
}