{
  "features": [
    "logit",
    "log_len",
    "mean_conf",
    "n_tubes"
  ],
  "coefficients": [
    0.6468169402132246,
    1.9567617407895546,
    2.5875809635978877,
    -0.013184278092934128
  ],
  "intercept": -6.354436600358177,
  "sanity_checks": [
    {
      "features": [
        -10.852816581726074,
        1.3862943611198906,
        0.6109074354171753,
        2.0
      ],
      "prob": 0.00011085567645976373
    },
    {
      "features": [
        3.8776683807373047,
        2.0794415416798357,
        0.09868730498211724,
        5.0
      ],
      "prob": 0.6015953028233588
    },
    {
      "features": [
        10.4970064163208,
        3.044522437723423,
        0.7395524919033051,
        3.0
      ],
      "prob": 0.9997431365682136
    }
  ]
}