{
  "features": [
    "logit",
    "log_len",
    "mean_conf",
    "n_tubes"
  ],
  "coefficients": [
    0.646817,
    1.956762,
    2.587581,
    -0.013184
  ],
  "intercept": -6.354437
}
