{
  "accuracy": 0.9697289686730025,
  "precision": 0.9753623188405797,
  "recall": 0.9628040057224606,
  "f1": 0.9690424766018718,
  "pr_auc": 0.9958355470331915,
  "roc_auc": 0.9960987729228071,
  "confusion_matrix": {
    "tn": 1409,
    "fp": 34,
    "fn": 52,
    "tp": 1346
  },
  "confusion_matrix_normalized": {
    "fp_as_fp": 0.9764379764379765,
    "fp_as_smoke": 0.02356202356202356,
    "smoke_as_fp": 0.03719599427753934,
    "smoke_as_smoke": 0.9628040057224606
  },
  "n_samples": 2841,
  "n_positive": 1398
}