{
  "accuracy": 0.9598732840549102,
  "precision": 0.9349593495934959,
  "recall": 0.9871244635193133,
  "f1": 0.9603340292275574,
  "pr_auc": 0.9928596831514641,
  "roc_auc": 0.9936266738841846,
  "confusion_matrix": {
    "tn": 1347,
    "fp": 96,
    "fn": 18,
    "tp": 1380
  },
  "confusion_matrix_normalized": {
    "fp_as_fp": 0.9334719334719335,
    "fp_as_smoke": 0.06652806652806653,
    "smoke_as_fp": 0.012875536480686695,
    "smoke_as_smoke": 0.9871244635193133
  },
  "n_samples": 2841,
  "n_positive": 1398
}