{
  "accuracy": 0.8848996832101372,
  "precision": 0.8348968105065666,
  "recall": 0.9549356223175965,
  "f1": 0.8908908908908908,
  "pr_auc": 0.9618499142769881,
  "roc_auc": 0.9654976865277293,
  "confusion_matrix": {
    "tn": 1179,
    "fp": 264,
    "fn": 63,
    "tp": 1335
  },
  "confusion_matrix_normalized": {
    "fp_as_fp": 0.817047817047817,
    "fp_as_smoke": 0.18295218295218296,
    "smoke_as_fp": 0.045064377682403435,
    "smoke_as_smoke": 0.9549356223175965
  },
  "n_samples": 2841,
  "n_positive": 1398
}