{
  "accuracy": 0.8986272439281943,
  "precision": 0.8822314049586777,
  "recall": 0.9163090128755365,
  "f1": 0.8989473684210526,
  "pr_auc": 0.9556101995754638,
  "roc_auc": 0.9623365524653078,
  "confusion_matrix": {
    "tn": 1272,
    "fp": 171,
    "fn": 117,
    "tp": 1281
  },
  "confusion_matrix_normalized": {
    "fp_as_fp": 0.8814968814968815,
    "fp_as_smoke": 0.11850311850311851,
    "smoke_as_fp": 0.08369098712446352,
    "smoke_as_smoke": 0.9163090128755365
  },
  "n_samples": 2841,
  "n_positive": 1398
}