{
  "accuracy": 0.9091869060190074,
  "precision": 0.8663239074550129,
  "recall": 0.9642346208869814,
  "f1": 0.912660798916723,
  "pr_auc": 0.9713974959098486,
  "roc_auc": 0.974996455683151,
  "confusion_matrix": {
    "tn": 1235,
    "fp": 208,
    "fn": 50,
    "tp": 1348
  },
  "confusion_matrix_normalized": {
    "fp_as_fp": 0.8558558558558559,
    "fp_as_smoke": 0.14414414414414414,
    "smoke_as_fp": 0.0357653791130186,
    "smoke_as_smoke": 0.9642346208869814
  },
  "n_samples": 2841,
  "n_positive": 1398
}