{
  "accuracy": 0.9926082365364308,
  "precision": 0.996395097332372,
  "recall": 0.9885550786838341,
  "f1": 0.99245960502693,
  "pr_auc": 0.9998383566438438,
  "roc_auc": 0.9998423646492316,
  "confusion_matrix": {
    "tn": 1438,
    "fp": 5,
    "fn": 16,
    "tp": 1382
  },
  "confusion_matrix_normalized": {
    "fp_as_fp": 0.9965349965349966,
    "fp_as_smoke": 0.003465003465003465,
    "smoke_as_fp": 0.011444921316165951,
    "smoke_as_smoke": 0.9885550786838341
  },
  "n_samples": 2841,
  "n_positive": 1398
}