{
  "accuracy": 0.9922562478000704,
  "precision": 0.9921316165951359,
  "recall": 0.9921316165951359,
  "f1": 0.9921316165951359,
  "pr_auc": 0.9994347003708844,
  "roc_auc": 0.9994760359567226,
  "confusion_matrix": {
    "tn": 1432,
    "fp": 11,
    "fn": 11,
    "tp": 1387
  },
  "confusion_matrix_normalized": {
    "fp_as_fp": 0.9923769923769924,
    "fp_as_smoke": 0.007623007623007623,
    "smoke_as_fp": 0.007868383404864092,
    "smoke_as_smoke": 0.9921316165951359
  },
  "n_samples": 2841,
  "n_positive": 1398
}