{
  "features": [
    "logit",
    "log_len",
    "mean_conf",
    "n_tubes"
  ],
  "coefficients": [
    0.6697292779225144,
    1.6915225503705513,
    2.6850612722740657,
    0.05937314169363693
  ],
  "intercept": -6.364135534107199,
  "sanity_checks": [
    {
      "features": [
        -6.2291765213012695,
        1.0986122886681096,
        0.12270624190568924,
        1.0
      ],
      "prob": 0.00025124692783990544
    },
    {
      "features": [
        0.14594092965126038,
        3.044522437723423,
        0.5542870685458183,
        1.0
      ],
      "prob": 0.6061486313406341
    },
    {
      "features": [
        9.426263809204102,
        3.044522437723423,
        0.7293113768100739,
        2.0
      ],
      "prob": 0.9992356955032707
    }
  ]
}