{
  "features": [
    "logit",
    "log_len",
    "mean_conf",
    "n_tubes"
  ],
  "coefficients": [
    0.669729,
    1.691523,
    2.685061,
    0.059373
  ],
  "intercept": -6.364136
}
