{
  "accuracy": 0.9060190073917634,
  "precision": 0.9217002237136466,
  "recall": 0.8841201716738197,
  "f1": 0.9025191675794085,
  "pr_auc": 0.9672117020294407,
  "roc_auc": 0.9713951323393384,
  "confusion_matrix": {
    "tn": 1338,
    "fp": 105,
    "fn": 162,
    "tp": 1236
  },
  "confusion_matrix_normalized": {
    "fp_as_fp": 0.9272349272349273,
    "fp_as_smoke": 0.07276507276507277,
    "smoke_as_fp": 0.11587982832618025,
    "smoke_as_smoke": 0.8841201716738197
  },
  "n_samples": 2841,
  "n_positive": 1398
}